sony;calle 123;21321321;maria roa
sony;calle 124;21321322;maria roa
sony;calle 125;21321323;maria roa
sony;calle 126;21321324;maria roa
sony;calle 127;21321325;maria roa
sony;calle 128;21321326;maria roa
sony;calle 129;21321327;maria roa
sony;calle 130;21321328;maria roa
sony;calle 131;21321329;maria roa
sony;calle 132;21321330;maria roa
sony;calle 133;21321331;maria roa
sony;calle 134;21321332;maria roa
sony;calle 135;21321333;maria roa
sony;calle 136;21321334;maria roa
sony;calle 137;21321335;maria roa
sony;calle 138;21321336;maria roa
sony;calle 139;21321337;maria roa
sony;calle 140;21321338;maria roa
sony;calle 141;21321339;maria roa
sony;calle 142;21321340;maria roa
sony;calle 143;21321341;maria roa
sony;calle 144;21321342;maria roa
sony;calle 145;21321343;maria roa
sony;calle 146;21321344;maria roa
sony;calle 147;21321345;maria roa
sony;calle 148;21321346;maria roa
sony;calle 149;21321347;maria roa
sony;calle 150;21321348;maria roa
sony;calle 151;21321349;maria roa
sony;calle 152;21321350;maria roa
sony;calle 153;21321351;maria roa
sony;calle 154;21321352;maria roa
sony;calle 155;21321353;maria roa
sony;calle 156;21321354;maria roa
sony;calle 157;21321355;maria roa
sony;calle 158;21321356;maria roa
sony;calle 159;21321357;maria roa
sony;calle 160;21321358;maria roa
sony;calle 161;21321359;maria roa
sony;calle 162;21321360;maria roa
sony;calle 163;21321361;maria roa
sony;calle 164;21321362;maria roa
sony;calle 165;21321363;maria roa
sony;calle 166;21321364;maria roa
sony;calle 167;21321365;maria roa
sony;calle 168;21321366;maria roa
sony;calle 169;21321367;maria roa
sony;calle 170;21321368;maria roa
sony;calle 171;21321369;maria roa
sony;calle 172;21321370;maria roa
sony;calle 173;21321371;maria roa
sony;calle 174;21321372;maria roa
sony;calle 175;21321373;maria roa
sony;calle 176;21321374;maria roa
sony;calle 177;21321375;maria roa
sony;calle 178;21321376;maria roa
sony;calle 179;21321377;maria roa
sony;calle 180;21321378;maria roa
sony;calle 181;21321379;maria roa
sony;calle 182;21321380;maria roa
sony;calle 183;21321381;maria roa
sony;calle 184;21321382;maria roa
sony;calle 185;21321383;maria roa
sony;calle 186;21321384;maria roa
sony;calle 187;21321385;maria roa
sony;calle 188;21321386;maria roa
sony;calle 189;21321387;maria roa
sony;calle 190;21321388;maria roa
sony;calle 191;21321389;maria roa
sony;calle 192;21321390;maria roa
sony;calle 193;21321391;maria roa
sony;calle 194;21321392;maria roa
sony;calle 195;21321393;maria roa
sony;calle 196;21321394;maria roa
sony;calle 197;21321395;maria roa
sony;calle 198;21321396;maria roa
sony;calle 199;21321397;maria roa
sony;calle 200;21321398;maria roa
sony;calle 201;21321399;maria roa
sony;calle 202;21321400;maria roa
sony;calle 203;21321401;maria roa
sony;calle 204;21321402;maria roa
sony;calle 205;21321403;maria roa
sony;calle 206;21321404;maria roa
sony;calle 207;21321405;maria roa
sony;calle 208;21321406;maria roa
sony;calle 209;21321407;maria roa
sony;calle 210;21321408;maria roa
sony;calle 211;21321409;maria roa
sony;calle 212;21321410;maria roa
sony;calle 213;21321411;maria roa
sony;calle 214;21321412;maria roa
sony;calle 215;21321413;maria roa
sony;calle 216;21321414;maria roa
sony;calle 217;21321415;maria roa
sony;calle 218;21321416;maria roa
sony;calle 219;21321417;maria roa
sony;calle 220;21321418;maria roa
sony;calle 221;21321419;maria roa
sony;calle 222;21321420;maria roa
sony;calle 223;21321421;maria roa
sony;calle 224;21321422;maria roa
sony;calle 225;21321423;maria roa
sony;calle 226;21321424;maria roa
sony;calle 227;21321425;maria roa
sony;calle 228;21321426;maria roa
sony;calle 229;21321427;maria roa
sony;calle 230;21321428;maria roa
sony;calle 231;21321429;maria roa
sony;calle 232;21321430;maria roa
sony;calle 233;21321431;maria roa
sony;calle 234;21321432;maria roa
sony;calle 235;21321433;maria roa
sony;calle 236;21321434;maria roa
sony;calle 237;21321435;maria roa
sony;calle 238;21321436;maria roa
sony;calle 239;21321437;maria roa
sony;calle 240;21321438;maria roa
sony;calle 241;21321439;maria roa
sony;calle 242;21321440;maria roa
sony;calle 243;21321441;maria roa
sony;calle 244;21321442;maria roa
sony;calle 245;21321443;maria roa
sony;calle 246;21321444;maria roa
sony;calle 247;21321445;maria roa
sony;calle 248;21321446;maria roa
sony;calle 249;21321447;maria roa
sony;calle 250;21321448;maria roa
sony;calle 251;21321449;maria roa
sony;calle 252;21321450;maria roa
sony;calle 253;21321451;maria roa
sony;calle 254;21321452;maria roa
sony;calle 255;21321453;maria roa
sony;calle 256;21321454;maria roa
sony;calle 257;21321455;maria roa
sony;calle 258;21321456;maria roa
sony;calle 259;21321457;maria roa
sony;calle 260;21321458;maria roa
sony;calle 261;21321459;maria roa
sony;calle 262;21321460;maria roa
sony;calle 263;21321461;maria roa
sony;calle 264;21321462;maria roa
sony;calle 265;21321463;maria roa
sony;calle 266;21321464;maria roa
sony;calle 267;21321465;maria roa
sony;calle 268;21321466;maria roa
sony;calle 269;21321467;maria roa
sony;calle 270;21321468;maria roa
sony;calle 271;21321469;maria roa
sony;calle 272;21321470;maria roa
sony;calle 273;21321471;maria roa
sony;calle 274;21321472;maria roa
sony;calle 275;21321473;maria roa
sony;calle 276;21321474;maria roa
sony;calle 277;21321475;maria roa
sony;calle 278;21321476;maria roa
sony;calle 279;21321477;maria roa
sony;calle 280;21321478;maria roa
sony;calle 281;21321479;maria roa
sony;calle 282;21321480;maria roa
sony;calle 283;21321481;maria roa
sony;calle 284;21321482;maria roa
sony;calle 285;21321483;maria roa
sony;calle 286;21321484;maria roa
sony;calle 287;21321485;maria roa
sony;calle 288;21321486;maria roa
sony;calle 289;21321487;maria roa
sony;calle 290;21321488;maria roa
sony;calle 291;21321489;maria roa
sony;calle 292;21321490;maria roa
sony;calle 293;21321491;maria roa
sony;calle 294;21321492;maria roa
sony;calle 295;21321493;maria roa
sony;calle 296;21321494;maria roa
sony;calle 297;21321495;maria roa
sony;calle 298;21321496;maria roa
sony;calle 299;21321497;maria roa
sony;calle 300;21321498;maria roa
sony;calle 301;21321499;maria roa
sony;calle 302;21321500;maria roa
sony;calle 303;21321501;maria roa
sony;calle 304;21321502;maria roa
sony;calle 305;21321503;maria roa
sony;calle 306;21321504;maria roa
sony;calle 307;21321505;maria roa
sony;calle 308;21321506;maria roa
sony;calle 309;21321507;maria roa
sony;calle 310;21321508;maria roa
sony;calle 311;21321509;maria roa
sony;calle 312;21321510;maria roa
sony;calle 313;21321511;maria roa
sony;calle 314;21321512;maria roa
sony;calle 315;21321513;maria roa
sony;calle 316;21321514;maria roa
sony;calle 317;21321515;maria roa
sony;calle 318;21321516;maria roa
sony;calle 319;21321517;maria roa
sony;calle 320;21321518;maria roa
sony;calle 321;21321519;maria roa
sony;calle 322;21321520;maria roa
sony;calle 323;21321521;maria roa
sony;calle 324;21321522;maria roa
sony;calle 325;21321523;maria roa
sony;calle 326;21321524;maria roa
sony;calle 327;21321525;maria roa
sony;calle 328;21321526;maria roa
sony;calle 329;21321527;maria roa
sony;calle 330;21321528;maria roa
sony;calle 331;21321529;maria roa
sony;calle 332;21321530;maria roa
sony;calle 333;21321531;maria roa
sony;calle 334;21321532;maria roa
sony;calle 335;21321533;maria roa
sony;calle 336;21321534;maria roa
sony;calle 337;21321535;maria roa
sony;calle 338;21321536;maria roa
sony;calle 339;21321537;maria roa
sony;calle 340;21321538;maria roa
sony;calle 341;21321539;maria roa
sony;calle 342;21321540;maria roa
sony;calle 343;21321541;maria roa
sony;calle 344;21321542;maria roa
sony;calle 345;21321543;maria roa
sony;calle 346;21321544;maria roa
sony;calle 347;21321545;maria roa
sony;calle 348;21321546;maria roa
sony;calle 349;21321547;maria roa
sony;calle 350;21321548;maria roa
sony;calle 351;21321549;maria roa
sony;calle 352;21321550;maria roa
sony;calle 353;21321551;maria roa
sony;calle 354;21321552;maria roa
sony;calle 355;21321553;maria roa
sony;calle 356;21321554;maria roa
sony;calle 357;21321555;maria roa
sony;calle 358;21321556;maria roa
sony;calle 359;21321557;maria roa
sony;calle 360;21321558;maria roa
sony;calle 361;21321559;maria roa
sony;calle 362;21321560;maria roa
sony;calle 363;21321561;maria roa
sony;calle 364;21321562;maria roa
sony;calle 365;21321563;maria roa
sony;calle 366;21321564;maria roa
sony;calle 367;21321565;maria roa
sony;calle 368;21321566;maria roa
sony;calle 369;21321567;maria roa
sony;calle 370;21321568;maria roa
sony;calle 371;21321569;maria roa
sony;calle 372;21321570;maria roa
sony;calle 373;21321571;maria roa
sony;calle 374;21321572;maria roa
sony;calle 375;21321573;maria roa
sony;calle 376;21321574;maria roa
sony;calle 377;21321575;maria roa
sony;calle 378;21321576;maria roa
sony;calle 379;21321577;maria roa
sony;calle 380;21321578;maria roa
sony;calle 381;21321579;maria roa
sony;calle 382;21321580;maria roa
sony;calle 383;21321581;maria roa
sony;calle 384;21321582;maria roa
sony;calle 385;21321583;maria roa
sony;calle 386;21321584;maria roa
sony;calle 387;21321585;maria roa
sony;calle 388;21321586;maria roa
sony;calle 389;21321587;maria roa
sony;calle 390;21321588;maria roa
sony;calle 391;21321589;maria roa
sony;calle 392;21321590;maria roa
sony;calle 393;21321591;maria roa
sony;calle 394;21321592;maria roa
sony;calle 395;21321593;maria roa
sony;calle 396;21321594;maria roa
sony;calle 397;21321595;maria roa
sony;calle 398;21321596;maria roa
sony;calle 399;21321597;maria roa
sony;calle 400;21321598;maria roa
sony;calle 401;21321599;maria roa
sony;calle 402;21321600;maria roa
sony;calle 403;21321601;maria roa
sony;calle 404;21321602;maria roa
sony;calle 405;21321603;maria roa
sony;calle 406;21321604;maria roa
sony;calle 407;21321605;maria roa
sony;calle 408;21321606;maria roa
sony;calle 409;21321607;maria roa
sony;calle 410;21321608;maria roa
sony;calle 411;21321609;maria roa
sony;calle 412;21321610;maria roa
sony;calle 413;21321611;maria roa
sony;calle 414;21321612;maria roa
sony;calle 415;21321613;maria roa
sony;calle 416;21321614;maria roa
sony;calle 417;21321615;maria roa
sony;calle 418;21321616;maria roa
sony;calle 419;21321617;maria roa
sony;calle 420;21321618;maria roa
sony;calle 421;21321619;maria roa
sony;calle 422;21321620;maria roa
sony;calle 423;21321621;maria roa
sony;calle 424;21321622;maria roa
sony;calle 425;21321623;maria roa
sony;calle 426;21321624;maria roa
sony;calle 427;21321625;maria roa
sony;calle 428;21321626;maria roa
sony;calle 429;21321627;maria roa
sony;calle 430;21321628;maria roa
sony;calle 431;21321629;maria roa
sony;calle 432;21321630;maria roa
sony;calle 433;21321631;maria roa
sony;calle 434;21321632;maria roa
sony;calle 435;21321633;maria roa
sony;calle 436;21321634;maria roa
sony;calle 437;21321635;maria roa
sony;calle 438;21321636;maria roa
sony;calle 439;21321637;maria roa
sony;calle 440;21321638;maria roa
sony;calle 441;21321639;maria roa
sony;calle 442;21321640;maria roa
sony;calle 443;21321641;maria roa
sony;calle 444;21321642;maria roa
sony;calle 445;21321643;maria roa
sony;calle 446;21321644;maria roa
sony;calle 447;21321645;maria roa
sony;calle 448;21321646;maria roa
sony;calle 449;21321647;maria roa
sony;calle 450;21321648;maria roa
sony;calle 451;21321649;maria roa
sony;calle 452;21321650;maria roa
sony;calle 453;21321651;maria roa
sony;calle 454;21321652;maria roa
sony;calle 455;21321653;maria roa
sony;calle 456;21321654;maria roa
sony;calle 457;21321655;maria roa
sony;calle 458;21321656;maria roa
sony;calle 459;21321657;maria roa
sony;calle 460;21321658;maria roa
sony;calle 461;21321659;maria roa
sony;calle 462;21321660;maria roa
sony;calle 463;21321661;maria roa
sony;calle 464;21321662;maria roa
sony;calle 465;21321663;maria roa
sony;calle 466;21321664;maria roa
sony;calle 467;21321665;maria roa
sony;calle 468;21321666;maria roa
sony;calle 469;21321667;maria roa
sony;calle 470;21321668;maria roa
sony;calle 471;21321669;maria roa
sony;calle 472;21321670;maria roa
sony;calle 473;21321671;maria roa
sony;calle 474;21321672;maria roa
sony;calle 475;21321673;maria roa
sony;calle 476;21321674;maria roa
sony;calle 477;21321675;maria roa
sony;calle 478;21321676;maria roa
sony;calle 479;21321677;maria roa
sony;calle 480;21321678;maria roa
sony;calle 481;21321679;maria roa
sony;calle 482;21321680;maria roa
sony;calle 483;21321681;maria roa
sony;calle 484;21321682;maria roa
sony;calle 485;21321683;maria roa
sony;calle 486;21321684;maria roa
sony;calle 487;21321685;maria roa
sony;calle 488;21321686;maria roa
sony;calle 489;21321687;maria roa
sony;calle 490;21321688;maria roa
sony;calle 491;21321689;maria roa
sony;calle 492;21321690;maria roa
sony;calle 493;21321691;maria roa
sony;calle 494;21321692;maria roa
sony;calle 495;21321693;maria roa
sony;calle 496;21321694;maria roa
sony;calle 497;21321695;maria roa
sony;calle 498;21321696;maria roa
sony;calle 499;21321697;maria roa
sony;calle 500;21321698;maria roa
sony;calle 501;21321699;maria roa
sony;calle 502;21321700;maria roa
sony;calle 503;21321701;maria roa
sony;calle 504;21321702;maria roa
sony;calle 505;21321703;maria roa
sony;calle 506;21321704;maria roa
sony;calle 507;21321705;maria roa
sony;calle 508;21321706;maria roa
sony;calle 509;21321707;maria roa
sony;calle 510;21321708;maria roa
sony;calle 511;21321709;maria roa
sony;calle 512;21321710;maria roa
sony;calle 513;21321711;maria roa
sony;calle 514;21321712;maria roa
sony;calle 515;21321713;maria roa
sony;calle 516;21321714;maria roa
sony;calle 517;21321715;maria roa
sony;calle 518;21321716;maria roa
sony;calle 519;21321717;maria roa
sony;calle 520;21321718;maria roa
sony;calle 521;21321719;maria roa
sony;calle 522;21321720;maria roa
sony;calle 523;21321721;maria roa
sony;calle 524;21321722;maria roa
sony;calle 525;21321723;maria roa
sony;calle 526;21321724;maria roa
sony;calle 527;21321725;maria roa
sony;calle 528;21321726;maria roa
sony;calle 529;21321727;maria roa
sony;calle 530;21321728;maria roa
sony;calle 531;21321729;maria roa
sony;calle 532;21321730;maria roa
sony;calle 533;21321731;maria roa
sony;calle 534;21321732;maria roa
sony;calle 535;21321733;maria roa
sony;calle 536;21321734;maria roa
sony;calle 537;21321735;maria roa
sony;calle 538;21321736;maria roa
sony;calle 539;21321737;maria roa
sony;calle 540;21321738;maria roa
sony;calle 541;21321739;maria roa
sony;calle 542;21321740;maria roa
sony;calle 543;21321741;maria roa
sony;calle 544;21321742;maria roa
sony;calle 545;21321743;maria roa
sony;calle 546;21321744;maria roa
sony;calle 547;21321745;maria roa
sony;calle 548;21321746;maria roa
sony;calle 549;21321747;maria roa
sony;calle 550;21321748;maria roa
sony;calle 551;21321749;maria roa
sony;calle 552;21321750;maria roa
sony;calle 553;21321751;maria roa
sony;calle 554;21321752;maria roa
sony;calle 555;21321753;maria roa
sony;calle 556;21321754;maria roa
sony;calle 557;21321755;maria roa
sony;calle 558;21321756;maria roa
sony;calle 559;21321757;maria roa
sony;calle 560;21321758;maria roa
sony;calle 561;21321759;maria roa
sony;calle 562;21321760;maria roa
sony;calle 563;21321761;maria roa
sony;calle 564;21321762;maria roa
sony;calle 565;21321763;maria roa
sony;calle 566;21321764;maria roa
sony;calle 567;21321765;maria roa
sony;calle 568;21321766;maria roa
sony;calle 569;21321767;maria roa
sony;calle 570;21321768;maria roa
sony;calle 571;21321769;maria roa
sony;calle 572;21321770;maria roa
sony;calle 573;21321771;maria roa
sony;calle 574;21321772;maria roa
sony;calle 575;21321773;maria roa
sony;calle 576;21321774;maria roa
sony;calle 577;21321775;maria roa
sony;calle 578;21321776;maria roa
sony;calle 579;21321777;maria roa
sony;calle 580;21321778;maria roa
sony;calle 581;21321779;maria roa
sony;calle 582;21321780;maria roa
sony;calle 583;21321781;maria roa
sony;calle 584;21321782;maria roa
sony;calle 585;21321783;maria roa
sony;calle 586;21321784;maria roa
sony;calle 587;21321785;maria roa
sony;calle 588;21321786;maria roa
sony;calle 589;21321787;maria roa
sony;calle 590;21321788;maria roa
sony;calle 591;21321789;maria roa
sony;calle 592;21321790;maria roa
sony;calle 593;21321791;maria roa
sony;calle 594;21321792;maria roa
sony;calle 595;21321793;maria roa
sony;calle 596;21321794;maria roa
sony;calle 597;21321795;maria roa
sony;calle 598;21321796;maria roa
sony;calle 599;21321797;maria roa
sony;calle 600;21321798;maria roa
sony;calle 601;21321799;maria roa
sony;calle 602;21321800;maria roa
sony;calle 603;21321801;maria roa
sony;calle 604;21321802;maria roa
sony;calle 605;21321803;maria roa
sony;calle 606;21321804;maria roa
sony;calle 607;21321805;maria roa
sony;calle 608;21321806;maria roa
sony;calle 609;21321807;maria roa
sony;calle 610;21321808;maria roa
sony;calle 611;21321809;maria roa
sony;calle 612;21321810;maria roa
sony;calle 613;21321811;maria roa
sony;calle 614;21321812;maria roa
sony;calle 615;21321813;maria roa
sony;calle 616;21321814;maria roa
sony;calle 617;21321815;maria roa
sony;calle 618;21321816;maria roa
sony;calle 619;21321817;maria roa
sony;calle 620;21321818;maria roa
sony;calle 621;21321819;maria roa
sony;calle 622;21321820;maria roa
sony;calle 623;21321821;maria roa
sony;calle 624;21321822;maria roa
sony;calle 625;21321823;maria roa
sony;calle 626;21321824;maria roa
sony;calle 627;21321825;maria roa
sony;calle 628;21321826;maria roa
sony;calle 629;21321827;maria roa
sony;calle 630;21321828;maria roa
sony;calle 631;21321829;maria roa
sony;calle 632;21321830;maria roa
sony;calle 633;21321831;maria roa
sony;calle 634;21321832;maria roa
sony;calle 635;21321833;maria roa
sony;calle 636;21321834;maria roa
sony;calle 637;21321835;maria roa
sony;calle 638;21321836;maria roa
sony;calle 639;21321837;maria roa
sony;calle 640;21321838;maria roa
sony;calle 641;21321839;maria roa
sony;calle 642;21321840;maria roa
sony;calle 643;21321841;maria roa
sony;calle 644;21321842;maria roa
sony;calle 645;21321843;maria roa
sony;calle 646;21321844;maria roa
sony;calle 647;21321845;maria roa
sony;calle 648;21321846;maria roa
sony;calle 649;21321847;maria roa
sony;calle 650;21321848;maria roa
sony;calle 651;21321849;maria roa
sony;calle 652;21321850;maria roa
sony;calle 653;21321851;maria roa
sony;calle 654;21321852;maria roa
sony;calle 655;21321853;maria roa
sony;calle 656;21321854;maria roa
sony;calle 657;21321855;maria roa
sony;calle 658;21321856;maria roa
sony;calle 659;21321857;maria roa
sony;calle 660;21321858;maria roa
sony;calle 661;21321859;maria roa
sony;calle 662;21321860;maria roa
sony;calle 663;21321861;maria roa
sony;calle 664;21321862;maria roa
sony;calle 665;21321863;maria roa
sony;calle 666;21321864;maria roa
sony;calle 667;21321865;maria roa
sony;calle 668;21321866;maria roa
sony;calle 669;21321867;maria roa
sony;calle 670;21321868;maria roa
sony;calle 671;21321869;maria roa
sony;calle 672;21321870;maria roa
sony;calle 673;21321871;maria roa
sony;calle 674;21321872;maria roa
sony;calle 675;21321873;maria roa
sony;calle 676;21321874;maria roa
sony;calle 677;21321875;maria roa
sony;calle 678;21321876;maria roa
sony;calle 679;21321877;maria roa
sony;calle 680;21321878;maria roa
sony;calle 681;21321879;maria roa
sony;calle 682;21321880;maria roa
sony;calle 683;21321881;maria roa
sony;calle 684;21321882;maria roa
sony;calle 685;21321883;maria roa
sony;calle 686;21321884;maria roa
sony;calle 687;21321885;maria roa
sony;calle 688;21321886;maria roa
sony;calle 689;21321887;maria roa
sony;calle 690;21321888;maria roa
sony;calle 691;21321889;maria roa
sony;calle 692;21321890;maria roa
sony;calle 693;21321891;maria roa
sony;calle 694;21321892;maria roa
sony;calle 695;21321893;maria roa
sony;calle 696;21321894;maria roa
sony;calle 697;21321895;maria roa
sony;calle 698;21321896;maria roa
sony;calle 699;21321897;maria roa
sony;calle 700;21321898;maria roa
sony;calle 701;21321899;maria roa
sony;calle 702;21321900;maria roa
sony;calle 703;21321901;maria roa
sony;calle 704;21321902;maria roa
sony;calle 705;21321903;maria roa
sony;calle 706;21321904;maria roa
sony;calle 707;21321905;maria roa
sony;calle 708;21321906;maria roa
sony;calle 709;21321907;maria roa
sony;calle 710;21321908;maria roa
sony;calle 711;21321909;maria roa
sony;calle 712;21321910;maria roa
sony;calle 713;21321911;maria roa
sony;calle 714;21321912;maria roa
sony;calle 715;21321913;maria roa
sony;calle 716;21321914;maria roa
sony;calle 717;21321915;maria roa
sony;calle 718;21321916;maria roa
sony;calle 719;21321917;maria roa
sony;calle 720;21321918;maria roa
sony;calle 721;21321919;maria roa
sony;calle 722;21321920;maria roa
sony;calle 723;21321921;maria roa
sony;calle 724;21321922;maria roa
sony;calle 725;21321923;maria roa
sony;calle 726;21321924;maria roa
sony;calle 727;21321925;maria roa
sony;calle 728;21321926;maria roa
sony;calle 729;21321927;maria roa
sony;calle 730;21321928;maria roa
sony;calle 731;21321929;maria roa
sony;calle 732;21321930;maria roa
sony;calle 733;21321931;maria roa
sony;calle 734;21321932;maria roa
sony;calle 735;21321933;maria roa
sony;calle 736;21321934;maria roa
sony;calle 737;21321935;maria roa
sony;calle 738;21321936;maria roa
sony;calle 739;21321937;maria roa
sony;calle 740;21321938;maria roa
sony;calle 741;21321939;maria roa
sony;calle 742;21321940;maria roa
sony;calle 743;21321941;maria roa
sony;calle 744;21321942;maria roa
sony;calle 745;21321943;maria roa
sony;calle 746;21321944;maria roa
sony;calle 747;21321945;maria roa
sony;calle 748;21321946;maria roa
sony;calle 749;21321947;maria roa
sony;calle 750;21321948;maria roa
sony;calle 751;21321949;maria roa
sony;calle 752;21321950;maria roa
sony;calle 753;21321951;maria roa
sony;calle 754;21321952;maria roa
sony;calle 755;21321953;maria roa
sony;calle 756;21321954;maria roa
sony;calle 757;21321955;maria roa
sony;calle 758;21321956;maria roa
sony;calle 759;21321957;maria roa
sony;calle 760;21321958;maria roa
sony;calle 761;21321959;maria roa
sony;calle 762;21321960;maria roa
sony;calle 763;21321961;maria roa
sony;calle 764;21321962;maria roa
sony;calle 765;21321963;maria roa
sony;calle 766;21321964;maria roa
sony;calle 767;21321965;maria roa
sony;calle 768;21321966;maria roa
sony;calle 769;21321967;maria roa
sony;calle 770;21321968;maria roa
sony;calle 771;21321969;maria roa
sony;calle 772;21321970;maria roa
sony;calle 773;21321971;maria roa
sony;calle 774;21321972;maria roa
sony;calle 775;21321973;maria roa
sony;calle 776;21321974;maria roa
sony;calle 777;21321975;maria roa
sony;calle 778;21321976;maria roa
sony;calle 779;21321977;maria roa
sony;calle 780;21321978;maria roa
sony;calle 781;21321979;maria roa
sony;calle 782;21321980;maria roa
sony;calle 783;21321981;maria roa
sony;calle 784;21321982;maria roa
sony;calle 785;21321983;maria roa
sony;calle 786;21321984;maria roa
sony;calle 787;21321985;maria roa
sony;calle 788;21321986;maria roa
sony;calle 789;21321987;maria roa
sony;calle 790;21321988;maria roa
sony;calle 791;21321989;maria roa
sony;calle 792;21321990;maria roa
sony;calle 793;21321991;maria roa
sony;calle 794;21321992;maria roa
sony;calle 795;21321993;maria roa
sony;calle 796;21321994;maria roa